<?xml version="1.0" encoding="UTF-8"?>
<project-private xmlns="http://www.netbeans.org/ns/project-private/1">
    <editor-bookmarks xmlns="http://www.netbeans.org/ns/editor-bookmarks/2" lastBookmarkId="0"/>
    <open-files xmlns="http://www.netbeans.org/ns/projectui-open-files/2">
        <group>
            <file>file:/E:/Documentos/NetBeansProjects/Fullstack/Full-Stack/Java%20Herencia/Ejercicios/Ext_Ejercicio4/src/ext_ejercicio4/Ext_Ejercicio4.java</file>
            <file>file:/E:/Documentos/NetBeansProjects/Fullstack/Full-Stack/Java%20Herencia/Ejercicios/Ext_Ejercicio4/src/Entidades/PersonalServicio.java</file>
            <file>file:/E:/Documentos/NetBeansProjects/Fullstack/Full-Stack/Java%20Herencia/Ejercicios/Ext_Ejercicio4/src/Entidades/Estudiante.java</file>
            <file>file:/E:/Documentos/NetBeansProjects/Fullstack/Full-Stack/Java%20Herencia/Ejercicios/Ext_Ejercicio4/src/Entidades/SistemaGestionFacultad.java</file>
            <file>file:/E:/Documentos/NetBeansProjects/Fullstack/Full-Stack/Java%20Herencia/Ejercicios/Ext_Ejercicio4/src/Entidades/Profesor.java</file>
        </group>
    </open-files>
</project-private>
